Title,Authors,Category ,Link,Year,Method,Type,Training,Language
Syntactic simplification and text cohesion,"Siddharthan, A",Sentence Splitting,https://link.springer.com/article/10.1007/s11168-006-9011-1,2006,Rules,Syntax-based,-,English
Transformation-based sentence splitting method for statistical machine translation,"Jonghoon Lee, Donghyeon Lee and Gary Geunbae Lee",Sentence Splitting,https://aclanthology.org/I08-8001/,2008,Rules,Syntax-based,Supervised,Korean
Sentence Splitting for Vietnamese-English Machine Translation,"Bui Thanh Hung, Nguyen Le Minh and Akira Shimazu",Sentence splitting,https://dl.acm.org/doi/10.1109/KSE.2012.28,2012,Rules,Syntax-based,-,Vietnamese to English
Hybrid text simplification using synchronous dependency grammars with hand-written and automatically harvested rules,Advaith Siddharthan and Angrosh Mandya,Sentence Splitting,https://aclanthology.org/E14-1076/,2014,Constraints,Syntax-based,-,English
Splitting Complex English Sentences,John Lee and J. Buddhika K. Pathirage Don,Sentence splitting,https://aclanthology.org/W17-6307/,2017,Decision Tree,Syntax-based,Supervised,English
Split and rephrase,"Shashi Narayan, Claire Gardent, Shay B. Cohen and Anastasia Shimorina",Sentence splitting,https://aclanthology.org/D17-1064/,2017,RNNs,Semantic-based,Supervised,English
Split and rephrase: Better evaluation and a stronger baseline,Roee Aharoni and Yoav Goldberg,Sentence splitting,https://aclanthology.org/P18-2114/,2018,RNNs,Semantic-based,Supervised,English
Learning to split and rephrase from Wikipedia edit history,"Jan A. Botha, Manaal Faruqui, John Alex, Jason Baldridge, Dipanjan Das",Sentence splitting,https://aclanthology.org/D18-1080/,2018,RNNs,Semantic-based,Supervised,English
MinWikiSplit: A sentence splitting corpus with minimal propositions,"Christina Niklaus, André Freitas and Siegfried Handschuh",Sentence splitting,https://aclanthology.org/W19-8615/,2019,Dataset,-,-,English
Split first and then rephrase: Hierarchical generation for sentence simplification,"Mengru Wang, Hiroaki Ozaki, Yuta Koreeda and Kohsuke Yanai ",Sentence splitting,https://link.springer.com/chapter/10.1007/978-981-15-6168-9_2,2020,RNNs,Semantic-based,Supervised,English
Small but mighty: New benchmarks for split and rephrase,"Li Zhang, Huaiyu Zhu, Siddhartha Brahma and Yunyao Li",Sentence splitting,https://aclanthology.org/2020.emnlp-main.91/,2020,RNNs,Semantic-based,Supervised,English
Fact-aware sentence split and rephrase with permutation invariant training,"Yinuo Guo, Tao Ge and Furu Wei",Sentence splitting,https://arxiv.org/abs/2001.11383,2020,"RNNs, Transformers",Semantic-based,Supervised,English
Experimenting Sentence Split-and-Rephrase Using Part-of-Speech Labels,"P. Berlanga Neto, E. Y. Okano and E. E. S. Ruiz",Sentence splitting,https://sol.sbc.org.br/index.php/kdmile/article/view/11973,2020,RNNs,Semantic-based,Supervised,"English, with transfer to Brazilian Portuguese"
A memory-based sentence split and rephrase model with multi-task training,"Xiaoning Fan, Yiding Liu, Gongshen Liu AND Bo Su ",Sentence splitting,https://link.springer.com/chapter/10.1007/978-3-030-63830-6_54,2020,Transformers,Semantic-based,Supervised ,English
Split-and-Rephrase in a Cross-Lingual Manner: a Complete Pipeline,Paulo Berlanga Neto and Evandro Eduardo Seron Ruiz,Sentence splitting,https://aclanthology.org/2021.ranlp-1.19/,2021,RNNs,Semantic-based,Supervised,English
Discourse-based sentence splitting,"Liam Cripwell, Joël Legrand and Claire Gardent",Sentence splitting,https://aclanthology.org/2021.findings-emnlp.25/,2021,"Transformers, Discource Tree","Semantic-based, Discource-based",Supervised,English
BiSECT: Learning to split and rephrase sentences with bitexts,"Joongwon Kim, Mounica Maddela, Reno Kriz, Wei Xu and Chris Callison-Burch",Sentence splitting,https://aclanthology.org/2021.emnlp-main.500/,2021,Transformers,Semantic-based,Supervised,English
Evaluation of split-and-rephrase output of the knowledge extraction tool in the intelligent tutoring system,"Ani Grubišić, Branko Žitko, Angelina Gašpar, Daniel Vasić and Arta Dodaj",Sentence splitting,https://www.sciencedirect.com/science/article/abs/pii/S0957417421012562,2022,Rules,Syntax-based,-,English
The fewer splits are better: deconstructing readability in sentence splitting,Tadashi Nomoto,Sentence splitting,https://aclanthology.org/2022.tsar-1.1/,2023,Evaluation Study,-,-,-
Knowledge Transfer to Solve Split and Rephrase,AlMotasem Bellah AlAjlouni and Jinlong Li,Sentence splitting,https://ieeexplore.ieee.org/document/10226004,2023,"Transformers, Rules",Semantic-based,Supervised,English
Wikisplit++: Easy data refinement for split and rephrase,"Hayato Tsukagoshi, Tsutomu Hirao, Makoto Morishita, Katsuki Chousa, Ryohei Sasano and Koichi Takeda",Sentence splitting,https://aclanthology.org/2024.lrec-main.1533/,2024,Dataset,-,-,English
Split and rephrase with large language models,"David Ponce, Thierry Etchegoyhen, Jesús Calleja and Harritxu Gete",Sentence splitting,https://aclanthology.org/2024.acl-long.622/,2024,Transformers,Semantic-based,Supervised,English
Split and rephrase: Simple syntactic sentences for nlp applications,"M Asghari, A Talebpour and G Darzi",Sentence splitting,https://jicse.sbu.ac.ir/article_105664_7f5c8895ca36db7548b526f2b18eb89c.pdf,2024,Transformers,Semantic-based,Supervised,Persian
Community-oriented sentence simplification: Towards accessible language processing,"Liu, J., Lee, L.-K., Chui, K. T., Wei, X., Suen, T. Y., Cheung, S. K., Prayadsab, P., Wu, N.-I., and Hui, Y. K",Sentence splitting,https://ieeexplore.ieee.org/document/11113531/,2025,Transformers,Syntax-based,Supervised,-